Packagecode,Packagedescription,Temporary Cabinet,Category,SampleCreatedByShift(A/B/C),MATERIAL AT ENG ROOM,Eng Sample Taken By Email,Dummyunit,WhiteFM(Substrate),BlackFM(Substrate),Chip(Substrate),Scratches(Substrate),Crack(Substrate),FMonFoot(Substrate),FMonShoulder(Substrate),NFA(Substrate),PFA(Substrate),Footburr(Substrate),Shoulderbur(Substrate),Exposecopper(Substrate),Resinbleed(Substrate),void(Substrate),Copla(Substrate),WhiteFM(Mold/MetalLid),BlackFM(Mold/MetalLid),EdgeChip(Mold/MetalLid),CornerChip(Mold/MetalLid),Scratches(Mold/MetalLid),Crack(Mold/MetalLid),Illegiblemarking(Mold/MetalLid),WhiteFM(Die),BlackFM(Die),Chip(Die),Scratches(Die),Crack(Die),WhiteFM(BottomDefect),BlackFM(BottomDefect),Chip(BottomDefect),Scratches(BottomDefect),Crack(BottomDefect),Damageball(BottomDefect),Multiple Defect,Pitch,Sliver,Ball Discoloration,Burr,FM on Dambar,FM on Lead,Expose Copper on Dambar,Mold Flash,Metallic Particle,Patchback,Bent Lead,Expose Tie Bar,Fiber,Tool Mark,Good Unit,Lead Shining,Acid Test Burr,TotalSample
00SN,FCPBGA609/21x21,C2-S5,Firewall Sample,A,No,,0,0,0,0,0,0,0,0,0,0,0,0,0,0,0,0,10,10,10,0,10,0,0,0,0,0,0,0,10,10,10,10,10,10,,,,,,,,,,,,,,,,,,,100
00V2,FCPBGA52519*19,C4-S6,Dummy Unit and Firewall Sample,A,YES,,423,0,0,0,0,0,0,0,0,0,0,0,0,0,0,0,0,0,0,0,0,0,0,0,0,0,0,0,0,0,0,0,0,44,,,,,,,,,,,,,,,,,,,467
,,C1-S49,Available Cabinet,,YES,,0,0,0,0,10,0,0,0,0,0,0,0,0,0,0,0,0,0,0,0,0,0,0,0,0,0,0,0,0,0,0,0,0,0,,,,,,,,,,,,,,,,,,,10
00HW,FCPBGA525/19x19,C2-S6,Firewall Sample,A,YES,,0,12,12,10,10,10,0,0,0,0,0,0,0,0,0,0,0,0,0,0,0,0,0,0,0,0,0,0,0,0,0,0,10,10,,,,,,,,,,,,,,,,,,,74
00NV,FCPBGA78023*23,C4-S8,Firewall Sample,A,YES,,0,0,10,10,10,10,0,0,0,0,0,0,0,0,0,0,10,0,0,0,0,0,0,15,15,5,0,32,0,0,0,0,10,10,,,,,,,,,,,,,,,,,,,137
00M9,FCPBGA621/21x21,C2-S8,Firewall Sample,A,YES,,0,0,0,0,0,0,0,0,0,0,0,0,0,0,0,0,10,10,10,0,5,5,0,0,0,,0,0,5,4,5,5,0,15,,,,,,,,,,,,,,,,,,,74
00FA,FCPBGA78023*23,C3-L1,Firewall Sample,A,YES,,0,0,0,0,0,0,0,0,0,0,0,0,0,0,0,0,0,0,0,0,0,0,0,15,15,14,0,22,0,0,0,0,0,0,,,,,,,,,,,,,,,,,,,66
,,C1-S50,Available Cabinet,,YES,,0,0,0,0,0,0,0,0,0,0,0,0,0,0,0,0,0,0,0,0,0,0,0,0,0,0,0,0,0,0,0,0,0,0,,,,,,,,,,,,,,,,,,,0
5241,PBGA32423*23,C3-L1,Dummy Unit,,,,270,0,0,0,0,0,0,0,0,0,0,0,0,0,0,0,0,0,0,0,0,0,0,0,0,0,0,0,0,0,0,0,0,0,,,,,,,,,,,,,,,,,,,270
00G6,MAPBGA 416 *27X27*,C4-S5,Firewall Sample,C,YES,,,0,0,0,0,0,0,0,0,0,0,0,0,0,0,0,0,0,0,0,0,0,0,0,0,0,0,0,15,15,0,0,0,15,,,,,,,,,,,,,,,,,,,45
00A5,FCBGA 520*21X21*,C4-S3,Firewall Sample,C,YES,,,,5,,5,0,0,0,0,0,0,0,0,0,0,0,0,0,0,0,0,0,0,0,0,19,0,22,15,0,0,0,0,10,,,,,,,,,,,,,,,,,,,76
,,C1-S34,Available Cabinet,,YES,,0,0,0,0,0,0,0,0,0,0,0,0,0,0,0,0,0,0,0,0,0,0,0,0,0,0,0,0,0,0,0,0,0,0,,,,,,,,,,,,,,,,,,,0
009U,FCBGA624B/21x21,C1-S30,Firewall Sample,B,YES,,0,0,0,10,0,0,0,0,0,0,0,0,0,0,0,0,0,0,0,0,0,0,0,0,0,10,0,0,0,0,0,0,0,0,20,,,,,,,,,,,,,,,,,,40
008M,PBGA425/19x19,C1-S28,Firewall Sample,C,YES,,0,0,5,0,0,5,0,0,0,0,0,0,0,0,0,0,0,0,0,0,0,0,0,0,0,0,0,0,5,5,0,0,0,25,,,,,,,,,,,,,,,,,,,45
,,C1-S35,Available Cabinet,,YES,,0,0,0,0,0,0,0,0,0,0,0,0,0,0,0,0,0,0,0,0,0,0,0,0,0,0,0,0,0,0,0,0,0,0,,,,,,,,,,,,,,,,,,,0
008M,PBGA425/19x19,C1-S28,Firewall sample,C,YES,,0,0,0,0,0,0,0,0,0,0,0,0,0,0,0,0,0,0,0,0,0,0,0,0,0,0,0,0,10,0,0,0,0,0,,,,,,,,,,,,,,,,,,,10
,,C1-S50,Available Cabinet,,YES,,0,0,0,0,0,0,0,0,0,0,0,0,0,0,0,0,0,0,0,0,0,0,0,0,0,0,0,0,0,0,0,0,0,0,,,,,,,,,,,,,,,,,,,0
,,C1-S32,Available Cabinet,,YES,,0,0,0,0,0,0,0,0,0,0,0,0,0,0,0,0,0,0,0,0,0,0,0,0,0,0,0,0,0,0,0,0,0,0,,,,,,,,,,,,,,,,,,,0
00T6,FCBGA 157 *8X8*,C4-S2,Firewall Sample,C,YES,,,5,10,15,10,,0,0,0,0,0,0,0,0,0,0,0,0,0,0,0,0,0,0,0,0,0,0,5,10,10,10,5,16,,,,,,,,,,,,,,,,,,,96
,,C1-S33,Available Cabinet,,YES,,0,0,0,0,0,0,0,0,0,0,0,0,0,0,0,0,0,0,0,0,0,0,0,0,0,0,0,0,0,0,0,0,0,0,,,,,,,,,,,,,,,,,,,0
,,C1-S33,Available Cabinet,,YES,,0,0,0,0,0,0,0,0,0,0,0,0,0,0,0,0,0,0,0,0,0,0,0,0,0,0,0,0,0,0,0,0,0,0,,,,,,,,,,,,,,,,,,,0
,,C1-S32,Available Cabinet,,YES,,0,0,0,0,0,0,0,0,0,0,0,0,0,0,0,0,0,0,0,0,0,0,0,0,0,0,0,0,0,0,0,0,0,0,0,,,,,,,,,,,,,,,,,,0
,,C1-S30,Available Cabinet,,YES,,0,0,0,0,0,0,0,0,0,0,0,0,0,0,0,0,0,0,0,0,0,0,0,0,0,0,0,0,0,0,0,0,0,0,,,,,,,,,,,,,,,,,,,0
010G,TEPBGA360/23x23,C2-S1,Firewall Sample,C,YES,,0,5,5,5,5,0,0,0,0,0,0,0,0,0,0,0,5,5,5,0,5,5,0,0,0,0,0,0,,,,,,,,,,,,,,,,,,,,,,,,,45
,,C1-S37,Available Cabinet,,YES,,0,0,0,0,10,0,0,0,0,0,0,0,0,0,0,0,0,0,0,0,0,0,0,0,0,0,0,0,0,0,0,0,0,0,,,,,,,,,,,,,,,,,,,10
,,C1-S34,Available Cabinet,,YES,,0,0,0,0,0,0,0,0,0,0,0,0,0,0,0,0,0,0,0,0,0,0,0,0,0,0,0,0,0,0,0,0,0,0,,,,,,,,,,,,,,,,,,,0
00M4,FCPBGA780L_23x23_0.8p,C3-L3,Firewall Sample,,,,,0,0,0,0,0,0,0,0,0,0,0,0,0,0,0,0,0,0,0,0,12,0,0,0,0,0,0,0,0,0,0,0,0,,,,,,,,,,,,,,,,,,,12
00KS,FCPBGA129237.5*37.5,C2-S49,Firewall Sample,A,YES,,,0,0,0,0,0,0,0,0,0,0,0,0,0,0,0,0,0,0,0,0,0,0,0,0,0,0,0,0,0,0,0,0,0,,,,,,,,,,,,,,,,,,,0
00J3,FCPBGA78023*23,C4-S11,Firewall Sample,A,YES,,0,10,10,10,10,5,0,0,0,0,0,0,0,0,0,0,0,0,0,0,0,0,0,15,15,15,,15,0,0,0,0,0,0,,,,,,,,,,,,,,,,,,,105
00BS,FCPBGA1020/33x33,C3-S25,Firewall Sample,A,YES,,0,0,0,0,0,0,0,0,0,0,0,0,0,0,0,0,0,0,0,0,0,0,0,0,0,0,0,0,0,0,0,0,0,0,54,0,0,0,0,0,0,0,0,0,0,,,,,0,,,54
82,TEPBGA  512 25*25,C4-S13,Firewall Sample,A,YES,,,5,5,5,5,5,0,0,0,0,0,0,0,0,0,0,0,0,0,0,0,0,0,0,0,0,0,0,0,0,0,0,0,10,,,,,,,,,,,,,,,,,,,35
,,C1-S40,Available Cabinet,,YES,,0,0,0,0,0,0,0,0,0,0,0,0,0,0,0,0,0,0,0,0,0,0,0,0,0,0,0,0,0,0,0,0,0,0,,,,,,,,,,,,,,,,,,,0
,,C1-S40,Available Cabinet,,YES,,0,0,0,0,0,0,0,0,0,0,0,0,0,0,0,0,0,0,0,0,0,0,0,0,0,0,0,0,0,0,0,0,0,0,,,,,,,,,,,,,,,,,,,0
,,C1-S38,Available Cabinet,,YES,,0,0,0,0,0,10,0,0,0,0,0,0,0,0,0,0,0,0,0,0,0,0,0,0,0,0,0,0,10,0,0,0,0,0,,,,,,,,,,,,,,,,,,,20
,,C1-S35,Available Cabinet,,YES,,0,0,0,0,0,0,0,0,0,0,0,0,0,0,0,0,0,0,0,0,0,0,0,0,0,0,0,0,0,0,0,0,0,0,,,,,,,,,,,,,,,,,,,0
5193,PBGA 516 27*27,C4-S14,Firewall Sample,A,YES,,,5,5,5,5,5,0,0,0,0,0,0,0,0,0,0,0,0,0,0,0,0,0,0,0,0,0,0,5,0,0,5,5,10,,,,,,,,,,,,,,,,,,,50
8097,QFP 144/28X28,C4-S38,Firewall Sample,A,YES,,,10,10,0,10,0,0,0,0,0,0,0,0,0,0,0,0,0,0,0,0,0,0,0,0,0,0,0,10,10,0,10,0,0,,,,,,,,,,,,,,,,,,,60
,,C1-S42,Available Cabinet,,YES,,0,0,0,0,0,0,0,0,0,0,0,0,0,0,0,0,0,0,0,0,0,0,0,0,0,0,0,0,0,0,0,0,0,0,,,,,,,,,,,,,,,,,,,0
,,C1-S48,Available Cabinet,,YES,,0,0,0,0,0,0,0,0,0,0,0,0,0,0,0,0,0,0,0,0,0,0,0,0,0,0,0,0,0,0,0,0,0,0,,,,,,,,,,,,,,,,,,,0
,,C1-S42,Available Cabinet,,YES,,0,0,0,0,0,0,0,0,0,0,0,0,0,0,0,0,0,0,0,0,0,0,0,0,0,0,0,0,0,0,0,0,0,0,,,,,,,,,,,,,,,,,,,0
,,C1-S41,Available Cabinet,,YES,,0,0,0,0,0,0,0,0,0,0,0,0,0,0,0,0,0,0,0,0,0,0,0,0,0,0,0,0,0,0,0,0,0,0,,,,,,,,,,,,,,,,,,,0
,,C1-S46,Available Cabinet,,YES,,0,0,0,0,0,0,0,0,0,0,0,0,0,0,0,0,0,0,0,0,0,0,0,0,0,0,0,0,0,0,0,0,0,0,,,,,,,,,,,,,,,,,,,0
,,C1-S45,Available Cabinet,,YES,,0,0,0,0,0,0,0,0,0,0,0,0,0,0,0,0,0,0,0,0,0,0,0,0,0,0,0,0,0,0,0,0,0,0,,,,,,,,,,,,,,,,,,,0
,,C1-S44,Available Cabinet,,YES,,0,0,0,0,0,0,0,0,0,0,0,0,0,0,0,0,0,0,0,0,0,0,0,0,0,0,0,0,0,0,0,0,0,0,,,,,,,,,,,,,,,,,,,0
00G7,(L)QFP208_28X28_0.5p,C4-S15,Firewall Sample,A,YES,,,10,10,0,10,10,0,0,0,0,0,0,0,0,0,0,0,0,0,0,0,0,0,0,0,0,0,0,10,10,0,10,0,0,,,,,,,,,,,,,,,,,,,70
,,C1-S37,Available Cabinet,,YES,,0,0,0,0,0,9,0,0,0,0,0,0,0,0,0,0,0,0,0,0,0,0,0,0,0,0,0,0,0,0,0,0,0,0,,,,,,,,,,,,,,,,,,,9
,,C1-S45,Available Cabinet,,YES,,0,0,0,0,0,0,0,0,0,0,0,0,0,0,0,0,0,0,0,0,0,0,0,0,0,0,0,0,0,0,0,0,0,0,,,,,,,,,,,,,,,,,,,0
00FA,FCPBGA78023*23,C4-S10,Firewall Sample,C,YES,,,15,10,15,15,0,0,0,0,0,0,0,0,0,0,0,0,0,0,0,0,0,0,0,0,0,0,0,15,20,10,15,0,15,,,,,,,,,,,,,,,,,,,130
8255,(L)QFP112_20x20_0.65p,C4-S16,Firewall Sample,C,YES,,,9,10,14,17,11,17,14,15,15,0,0,0,0,0,16,0,0,0,0,0,0,0,0,0,0,0,0,9,0,0,14,0,0,,,,,,,,,,,,,,,,,,,161
00A9,MAPBGA 256/17X17,C4-S17,Firewall Sample,A,YES,,,10,10,10,10,10,0,0,0,0,0,0,0,0,0,0,0,0,0,0,0,0,0,0,0,0,0,0,0,0,0,0,0,0,,,,,,,,,,,,,,,,,,,50
,,C1-S43,Available Cabinet,,YES,,0,0,0,0,0,0,0,0,0,0,0,0,0,0,0,0,0,0,0,0,0,0,0,0,0,0,0,0,0,0,0,0,0,0,,,,,,,,,,,,,,,,,,,0
,,C1-S36,Available Cabinet,,YES,,0,0,0,0,0,0,0,0,0,0,0,0,0,0,0,0,0,0,0,0,0,0,0,0,0,0,0,0,0,0,0,0,0,0,,,,,,,,,,,,,,,,,,,0
010L,QFN16 4*4,C4-S9,Firewall Sample,C,YES,,`,0,15,0,0,0,0,0,0,0,0,0,0,0,0,0,15,15,15,15,15,0,0,0,0,0,0,0,0,15,15,15,0,0,,,,,,,,,,,,,,,,,,,135
00G5,BGA416M_27x27_1.0p,C3-S17,Firewall Sample,A,YES,,0,20,15,25,25,5,0,0,0,0,0,0,0,0,0,0,0,0,0,0,0,0,0,0,0,0,0,0,0,0,0,5,5,10,0,0,0,0,0,0,0,0,0,,,,,,,0,,,110
5220,MAPBGA196/15X15,C3-S2,Firewall Sample,A,YES,,0,15,15,15,15,13,0,0,0,0,0,0,0,0,0,0,0,0,0,0,0,0,0,0,0,0,0,,15,15,16,15,14,12,,,,,,,,,,,,,,,,,,,160
00FA,FCBGA78023*23,C5-S13,Dummy Unit,A,YES,,60,0,0,0,0,0,0,0,0,0,0,0,0,0,0,0,0,0,0,0,0,0,0,0,0,0,0,0,0,0,0,0,0,0,,,,,,,,,,,,,,,,,,,60
6019,QFP8014*14,C3-S33,Firewall Sample,C,YES,,,18,12,10,10,0,15,15,15,20,0,0,0,0,0,15,0,0,0,0,0,10,0,0,0,0,0,0,10,16,0,15,10,0,,,,,,,,,,,,,,,,,,,191
00V5,(L)FBGA289M_14x14_0.8p,C3-S18,Firewall Sample,A,YES,,0,10,10,0,10,26,0,0,0,0,0,0,0,0,0,0,0,0,0,0,0,0,0,0,0,0,0,0,10,10,0,10,10,10,0,0,0,0,0,0,0,0,0,,,,,,,0,,,106
5268,MAPBGA196/15x15,C1-S1,Firewall Sample,A,YES,,0,10,10,14,10,0,0,0,0,0,0,0,0,0,0,0,0,0,0,0,0,0,0,0,0,0,0,0,0,0,0,0,10,10,,,,,,,,,,,,,,,,,,,64
5042,PBGA668/29x29,C1-S26,Firewall Sample,A,YES,,0,11,8,10,11,0,0,0,0,0,0,0,0,0,0,0,0,0,0,0,0,0,0,0,0,0,0,0,0,0,0,0,0,0,,,,,,,,,,,,,,,,,,,40
5096,MAPBGA144/13x13,C1-S22,Firewall Sample,A,YES,,0,10,10,10,10,20,0,0,0,0,0,0,0,0,0,0,0,0,0,0,0,0,0,0,0,0,0,0,0,0,0,10,0,10,,,,,,,,,,,,,,,,,,,80
00ZB,FCPBGA1150/23x23,C1-S21,Firewall Sample,A,YES,,0,5,0,5,5,0,0,0,0,0,0,0,0,0,0,0,0,0,0,0,0,0,0,0,0,0,0,0,0,5,3,0,0,0,,,,,,,,,,,,,,,,,,,23
5042,PBGA668/29x29,C1-S21,Firewall Sample,A,YES,,0,5,10,13,10,9,0,0,0,0,0,0,0,0,0,0,0,0,0,0,0,0,0,0,0,0,0,0,0,0,0,8,0,10,,,,,,,,,,,,,,,,,,,65
5366/5241,PBGA324/23x23,C1-S22,Firewall Sample,A,YES,,0,20,15,20,15,6,0,0,0,0,0,0,0,0,0,0,0,0,0,0,0,0,0,0,0,0,0,0,20,10,0,0,0,10,10,,,,,,,,,,,,,,,,,,126
8426,(L)QFP64_10x10_0.5p,C1-S1,Firewall Sample,B,YES,,0,0,10,10,10,10,10,10,10,10,0,0,0,0,0,10,0,0,0,0,0,0,0,0,0,0,0,0,0,10,5,10,10,0,,,,,,,,,,,,,,,,,,,125
00M5,H(L)QFP48_7x7_0.5p,C5-SLOT2,Dummy Unit,C,,,2180,0,0,0,0,0,0,0,0,0,0,0,0,0,0,0,0,0,0,0,0,0,0,0,0,0,0,0,0,0,0,0,0,0,,,,,,,,,,,,,,,,,,,2180
00TK,H(V)QFN64_9x9_0.5p,C5-SLOT2,Dummy Unit,C,,,43,0,0,0,0,0,0,0,0,0,0,0,0,0,0,0,0,0,0,0,0,0,0,0,0,0,0,0,0,0,0,0,0,0,,,,,,,,,,,,,,,,,,,43
8285,(L)QFP100_14x14_0.5p,C5-SLOT2,Dummy Unit,C,,,195,0,0,0,0,0,0,0,0,0,0,0,0,0,0,0,0,0,0,0,0,0,0,0,0,0,0,0,0,0,0,0,0,0,,,,,,,,,,,,,,,,,,,195
00TK,QFN64/9x9,C1-S8,Firewall Sample,C,YES,,0,0,101,0,0,0,0,0,0,0,0,0,0,0,0,0,0,0,0,0,0,0,0,0,0,0,0,0,0,0,0,0,0,0,,,,,,,,,,,,,,,,,,,101
007P,PBGA689/31x31,C1-S2,Firewall Sample,C,YES,,0,0,13,5,0,7,0,0,0,0,0,0,0,0,0,0,0,0,0,0,0,0,0,0,0,0,0,0,8,0,0,5,0,10,,,,,,,,,,,,,,,,,,,48
00GW,FCPBGA525/19x19,C1-S3,Firewall Sample,B,YES,,0,27,27,10,10,20,0,0,0,0,0,0,0,0,0,0,0,0,0,0,0,0,0,0,0,0,0,41,0,0,0,0,0,10,,,,,,,,,,,,,,,,,,,145
00M4,FCBGA780/23x23,C1-S5,Firewall Sample,C,YES,,0,0,0,0,0,0,0,0,0,0,0,0,0,0,0,0,0,0,0,0,0,0,0,0,10,0,0,0,0,0,0,0,0,0,,,,,,,,,,,,,,,,,,,10
8440,FCPBGA783/29x29,C1-S6,Firewall Sample,B,YES,,0,9,5,9,10,0,0,0,0,0,0,0,0,0,0,0,0,0,0,0,0,0,0,0,0,0,0,13,0,0,0,0,0,10,,,,,,,,,,,,,,,,,,,56
00VJ,MAPBGA36415*15*1.3P.65,C1-L2,Dummy Unit,C,YES,,378,0,0,0,0,0,0,0,0,0,0,0,0,0,0,0,0,0,0,0,0,0,0,0,0,0,0,0,0,0,0,0,0,0,,,,,,,,,,,,,,,,,,,378
008M,PBGA425/19x19,C1-S3,Firewall Sample,B,YES,,0,0,0,0,0,0,0,0,0,0,0,0,0,0,0,0,0,0,0,0,0,0,0,0,0,0,0,0,0,12,0,0,0,0,,,,,,,,,,,,,,,,,,,12
003Z,QFN16LD3X3,C1-S4,Firewall Sample,B,YES,,0,0,0,0,0,0,0,0,0,0,0,0,0,0,0,0,10,10,10,0,10,15,0,0,0,0,0,0,0,0,0,0,0,0,,,,,,,,,,,,,,,,,,,55
6213,QFN24/8X8,C5-S13,Dummy Unit,A,YES,,520,0,0,0,0,0,0,0,0,0,0,0,0,0,0,0,0,0,0,0,0,0,0,0,0,0,0,0,0,0,0,0,0,0,,,,,,,,,,,,,,,,,,,520
00KD,FCBGA896/25x25,C1-S2,Firewall Sample,C,YES,,0,0,0,0,0,0,0,0,0,0,0,0,0,0,0,0,0,0,0,0,0,0,0,0,0,0,0,0,3,0,0,0,0,0,,,,,,,,,,,,,,,,,,,3
6213,QFN24/8x8,C1-S4,Firewall Sample,B,YES,,0,0,0,0,0,0,0,0,0,0,0,0,0,0,0,0,5,5,15,0,5,0,0,0,0,0,0,0,0,5,0,0,0,0,,,,,,,,,,,,,,,,,,,35
5229,MAPBGA160/15x15,C1-S8,Firewall Sample,C,YES,,0,10,0,10,10,10,0,0,0,0,0,0,0,0,0,0,0,0,0,0,0,0,0,0,0,0,0,0,10,10,0,0,0,15,,,,,,,,,,,,,,,,,,,75
00ZB,FCBGA1150/23x23,C1-S9,Firewall Sample,C,YES,,0,0,185,0,0,0,0,0,0,0,0,0,0,0,0,0,0,0,0,0,0,0,0,0,0,0,0,0,0,0,0,0,0,0,,,,,,,,,,,,,,,,,,,185
5220,MAPBGA196/15x15,C1-S29,Firewall Sample,B,YES,,0,0,0,0,0,0,0,0,0,0,0,0,0,0,0,0,0,0,0,0,0,0,0,0,0,0,0,0,11,10,10,21,0,20,,,,,,,,,,,,,,,,,,,72
,,C1-S31,Available Cabinet,,YES,,0,0,0,0,0,0,0,0,0,0,0,0,0,0,0,0,0,0,0,0,0,0,0,0,0,0,0,0,0,0,0,0,0,0,,,,,,,,,,,,,,,,,,,0
,,C1-S49,Available Cabinet,,YES,,0,0,0,0,0,0,0,0,0,0,0,0,0,0,0,0,0,0,0,0,0,0,0,0,0,0,0,0,0,0,0,0,0,0,,,,,,,,,,,,,,,,,,,0
82598286,(L)QFP144_20x20_0.5p,C1-L1,Dummy Unit and Firewall Sample,B,YES,,246,0,0,0,0,0,0,0,0,0,0,0,0,0,0,0,0,0,0,0,0,0,0,0,0,0,0,0,0,0,0,0,0,0,,,,,,,,,,,,,,,,,,,246
8285,(L)QFP100_14x14_0.5p,C1-L1,Dummy Unit and Firewall Sample,B,YES,,25,0,0,0,0,0,0,0,0,0,0,0,0,0,0,0,0,0,0,0,0,0,0,0,0,0,0,0,0,0,0,0,0,0,,,,,,,,,,,,,,,,,,,25
82598286,(L)QFP144_20x20_0.5p,C1-L1,Dummy Unit and Firewall Sample,B,YES,,19,0,0,0,0,0,0,0,0,0,0,0,0,0,0,0,0,0,0,0,0,0,0,0,0,0,0,0,0,0,0,0,0,0,,,,,,,,,,,,,,,,,,,19
00M4,FCBGA780/23x23,C1-S12,Firewall Sample,A,YES,,0,0,0,0,0,0,0,0,0,0,0,0,0,0,0,0,0,0,0,0,0,0,0,0,0,0,0,0,10,0,0,0,0,0,12,,,,,,,,,,,,,,,,,,22
5058/5191,PBGA357/25x25,C1-S18,Firewall Sample,A,YES,,0,0,0,10,0,0,0,0,0,0,0,0,0,0,0,0,0,0,0,0,0,0,0,0,0,0,0,0,27,5,0,10,0,15,,,,,,,,,,,,,,,,,,,67
5193,PBGA516/27x27,C1-S17,Firewall Sample,A,YES,,0,0,0,0,0,0,0,0,0,0,0,0,0,0,0,0,0,0,0,0,0,0,0,0,0,0,0,0,10,10,0,0,0,22,,,,,,,,,,,,,,,,,,,42
,PBGA689/31x31,C5-S7,Dummy Unit,A,YES,,0,0,0,0,0,0,0,0,0,0,0,0,0,0,0,0,0,0,0,0,0,0,0,0,0,0,0,0,0,0,0,0,0,0,,,,,,,,,,,,,,,,,,,0
5332,MAPBGA81/10x10,C2-S14,Firewall Sample,A,YES,,0,0,0,0,0,0,0,0,0,0,0,0,0,0,0,0,10,10,10,0,10,10,0,0,0,0,0,0,10,10,10,0,0,10,,,,,,,,,,,,,,,,,,,90
5218,(L)TBGA480_37.5x37.5_1.27p,C1-S14,Firewall Sample,B,YES,,0,0,0,0,0,0,0,0,0,0,0,0,0,0,0,0,0,0,0,0,0,0,0,0,0,0,0,0,0,0,0,0,0,0,9,,,,,,,,,,,,,,,,,,9
5206,PBGA620/29x29,C1-S15,Firewall Sample,A,YES,,0,10,0,5,5,5,0,0,0,0,0,0,0,0,0,0,0,0,0,0,0,0,0,0,0,0,0,0,5,0,0,10,0,10,,,,,,,,,,,,,,,,,,,50
00VJ,MAPBGA364/15x15,C1-S17,Firewall Sample,B,YES,,0,4,0,8,10,10,0,0,0,0,0,0,0,0,0,0,0,0,0,0,0,0,0,0,0,0,0,0,0,0,0,5,0,3,,,,,,,,,,,,,,,,,,,40
NA,H(L)QFP176_24x24_0.5p,C5-SLOT3,Dummy Unit,C,,,1reel,0,0,0,0,0,0,0,0,0,0,0,0,0,0,0,0,0,0,0,0,0,0,0,0,0,0,0,0,0,0,0,0,0,,,,,,,,,,,,,,,,,,,0
8445,FCCBGA994,C5-SLOT4,Firewall Sample,C,,,,0,0,0,0,0,0,0,0,0,0,0,0,0,0,0,0,0,0,0,0,0,0,0,0,0,0,0,5,5,0,5,5,10,,,,,,,,,,,,,,,,,,,30
NA,QFP132/LQFP144,C5-SLOT3,Firewall Sample,C,,,,0,0,0,0,0,0,0,297,0,0,0,0,0,0,0,0,0,0,0,0,0,0,0,0,0,0,0,0,0,0,0,0,0,,,,,,,,,,,,,,,,,,,297
00D0,MAPBGA356/17x17,C1-S25,Firewall Sample,C,YES,,0,0,0,0,0,0,0,0,0,0,0,0,0,0,0,0,0,0,0,0,0,0,0,0,0,0,0,0,0,0,0,0,0,0,120,,,,,,,,,,,,,,,,,,120
5203,PBGA620/29x29,C1-S20,Firewall Sample,B,YES,,0,5,5,0,5,5,0,0,0,0,0,0,0,0,0,0,0,0,0,0,0,0,0,0,0,0,0,0,16,0,5,0,0,10,,,,,,,,,,,,,,,,,,,51
010G,PBGA360/23x23,C1-S20,Firewall Sample,B,YES,,0,0,5,0,0,0,0,0,0,0,0,0,0,0,0,0,0,0,0,0,0,0,0,0,0,0,0,0,5,0,5,5,9,9,,,,,,,,,,,,,,,,,,,38
82,HBGA512/25x25,C1-S23,Firewall Sample,B,YES,,0,10,0,10,10,0,0,0,0,0,0,0,0,0,0,0,0,0,0,0,0,0,0,0,0,0,0,0,0,0,0,0,0,0,,,,,,,,,,,,,,,,,,,30
00K6,H(L)QFP176_24x24_0.5p,C1-S19,Firewall Sample,B,YES,,0,0,0,0,0,0,0,0,0,0,0,0,0,0,0,0,0,0,0,0,0,0,0,0,0,0,0,0,10,10,0,10,10,0,,,,,,,,,,,,,,,,,,,40
5228,TBGA352/35x35,C1-S16,Firewall Sample,C,YES,,0,5,0,0,5,0,0,0,0,0,0,0,0,0,0,0,0,0,0,0,0,0,0,0,0,0,0,0,0,0,0,0,0,0,,,,,,,,,,,,,,,,,,,10
00M4,FCBGA780/23x23,C1-S16,Firewall Sample,B,YES,,0,10,10,10,10,10,0,0,0,0,0,0,0,0,0,0,0,0,0,0,0,0,0,0,0,0,0,0,10,10,10,10,0,10,,,,,,,,,,,,,,,,,,,100
00EV,H(L)QFP176_24x24_0.5p,C1-S19,Firewall Sample,B,YES,,0,0,0,0,0,0,0,0,0,0,0,0,0,0,0,0,0,0,0,0,0,0,0,0,0,0,0,0,10,10,0,10,10,0,,,,,,,,,,,,,,,,,,,40
8404,FCPBGA1295L/37.5x37.5,C1-S18,Firewall Sample,C,YES,,0,0,0,0,0,0,0,0,0,0,0,0,0,0,0,0,0,0,0,0,0,0,0,0,0,0,0,0,0,0,0,0,0,0,,,,,,,,,,,,,,,,,,,0
5047,PBGA272/27x27,C1-S25,Firewall Sample,B,YES,,0,0,0,0,0,0,0,0,0,0,0,0,0,0,0,0,0,0,0,0,0,0,0,0,0,0,0,0,10,10,5,5,0,12,,,,,,,,,,,,,,,,,,,42
8441,FCPBGA102323*23,,Dummy Unit and Firewall Sample,A,,,36,5,5,5,5,0,0,0,0,0,0,0,0,0,0,0,0,0,0,0,0,0,0,5,5,5,0,0,5,5,5,5,0,10,,,,,,,,,,,,,,,,,,,101
010U,FCPBGA29711*11,,Dummy Unit,A,,,966,0,0,0,0,0,0,0,0,0,0,0,0,0,0,0,0,0,0,0,0,0,0,0,0,0,0,0,0,0,0,0,0,0,,,,,,,,,,,,,,,,,,,966
LeadedPackage,00G7_LQFP208_28*28,,Firewall Sample,A,,,,0,0,0,0,0,0,0,0,0,0,0,0,0,0,0,10,10,0,0,10,10,0,0,0,0,0,0,10,10,0,10,10,0,,,,,,,,,,,,,,,,,,,80
,8106_QFP160_28*28,,Firewall Sample,A,,,,0,0,0,0,0,0,0,0,0,0,0,0,0,0,0,10,10,0,0,10,10,0,0,0,0,0,0,10,10,0,10,0,0,,,,,,,,,,,,,,,,,,,70
,8097_QFP144_28*28,,Firewall Sample,A,,,,0,0,0,0,0,0,0,0,0,0,0,0,0,0,0,10,10,0,0,10,0,0,0,0,0,0,0,10,10,0,10,0,0,,,,,,,,,,,,,,,,,,,60
8302,QFP240_32*32,,Firewall Sample,A,,,,0,0,0,0,0,0,0,0,0,0,0,0,0,0,0,10,10,0,0,10,0,0,0,0,0,0,0,10,10,0,10,0,0,,,,,,,,,,,,,,,,,,,60
,8023_PQFP132_24.1*24.1,,Firewall Sample,A,,,,0,0,0,0,0,0,0,0,0,0,0,0,0,0,0,10,10,0,0,10,0,0,0,0,0,0,0,10,10,0,10,0,0,,,,,,,,,,,,,,,,,,,60
8286/6019/8285/8023,LQ144/QFP80/LQ100/QFP132,C1-S7,Firewall Sample,B,YES,,0,0,0,0,0,34,0,15,0,0,0,0,0,0,0,0,0,0,0,0,0,0,0,0,0,0,0,0,0,0,0,0,0,0,,49,,,,,,,,,,,,,,,,,98
007K,LGA8_3x5_1.25,C4-S4,Firewall Sample,A,YES,,,30,20,0,0,0,0,0,0,0,0,0,0,0,0,0,0,0,0,0,0,0,0,0,0,0,0,0,40,50,20,20,0,0,,,,,,,,,,,,,,,,,,,180
8426,LQDP 64 10*10,C4-S24,Firewall Sample,A,YES,,,10,,10,10,10,10,15,10,10,,,,,,10,,,,,,,,,,,,,10,10,0,10,9,,,,,,,,,,,,,,,,,,,,134
5368,HBGA 516/27X27,C4-S28,Firewall Sample,A,Yes,,,5,5,5,5,12,,,,,,,,,,,,,,,,,,,,,,,5,,5,5,5,,,,,,,,,,,,,,,,,,,,52
6019,QFP 80/14X14,C4-S29,Firewall Sample,A,YES,,,15,,15,15,,,,15,,15,15,,,,,,,,,,,,,,,,,15,,,,25,,,,,,,,,,,,,,,,,34,,,164
,,C1-S48,Available Cabinet,,YES,,0,0,0,0,0,0,0,0,0,0,0,0,0,0,0,0,0,0,0,0,0,0,0,0,0,0,0,0,0,0,0,0,0,0,,,,,,,,,,,,,,,,,,,0
8286,LQFP144/20x20,C1-S14,Firewall Sample,B,YES,,0,0,0,0,0,0,0,0,0,0,0,0,0,0,0,38,0,0,0,0,0,0,0,0,0,0,0,0,0,0,0,0,0,0,,,,,,,15,,5,,,,,,,,,,58
,,C1-S46,Available Cabinet,,YES,,0,0,0,0,0,0,0,0,0,0,0,0,0,0,0,0,0,0,0,0,0,0,0,0,0,0,0,0,0,0,0,0,0,0,,,,,,,,,,,,,,,,,,,0
6019/8285,LQFP64/LQFP100,C1-S13,Firewall Sample,B,YES,,0,0,0,0,0,0,0,0,0,0,0,0,0,0,0,0,0,0,0,0,0,0,0,0,0,0,0,0,0,0,0,0,0,0,174,,,,,,,,,,,,,,,,,,174
011N,H(L)QFP176_24x24_0.5p,C1-S13,Firewall Sample,B,YES,,0,0,0,0,0,0,0,0,0,0,0,0,0,0,0,10,0,0,0,0,0,0,0,0,0,0,0,0,0,0,0,0,0,0,,,,,,,,,,,,,,,,,,,10
8426,QFP64/14x14,C1-S12,Firewall Sample,B,YES,,0,0,0,0,0,0,0,0,0,0,0,0,0,0,0,0,0,0,0,0,0,0,0,0,0,0,0,0,0,0,0,0,0,0,,,840,,,,,,,,,,,,,,,,840
,,C1-S47,Available Cabinet,,YES,,0,0,0,0,0,0,0,0,0,0,0,0,0,0,0,0,0,0,0,0,0,0,0,0,0,0,0,0,0,0,0,0,0,0,,,,,,,,,,,,,,,,,,,0
,,C1-S47,Available Cabinet,,YES,,0,0,0,0,0,0,0,0,0,0,0,0,0,0,0,0,0,0,0,0,0,0,0,0,0,0,0,0,0,0,0,0,0,0,,,,,,,,,,,,,,,,,,,0
8286,LQFP144/20x20,C1-S10,Firewall Sample,B,YES,,0,0,0,0,0,0,0,0,0,22,0,0,0,0,0,0,0,0,0,0,0,0,0,0,0,0,0,0,0,0,0,0,0,0,,,,,,,,,,,,,,,,,,,22
FC B4,FC B4,C1-S10,Firewall Sample,B,YES,,0,0,16,0,0,0,0,0,0,0,0,0,0,0,0,0,0,0,0,0,0,0,0,0,0,0,0,0,0,0,0,0,0,0,,,,,,,,,,,,,,,,,,,16
FC CHIP GOLDEN UNITS,FC CHIP GOLDEN UNITS,C1-S9,Firewall Sample,B,YES,,0,0,47,0,0,0,0,0,0,0,0,0,0,0,0,0,0,0,0,0,0,0,0,0,0,0,0,0,0,0,0,0,0,0,,,,,,,,,,,,,,,,,,,47
003Z,QFN16/3x3,C1-S5,Firewall Sample,B,YES,,0,0,0,0,0,0,0,0,0,0,0,0,0,0,0,0,0,0,0,0,0,0,0,0,0,0,0,0,0,0,0,0,0,0,,,,,,,,,,,,,,,,,,,0
,,C1-S41,Available Cabinet,,YES,,0,0,0,0,0,0,0,0,0,0,0,0,0,0,0,0,0,0,0,0,0,0,0,0,0,0,0,0,0,0,0,0,0,0,,,,,,,,,,,,,,,,,,,0
007B,(L)BGA144M_13x13_1.0p,C1-S11,Firewall Sample,B,YES,,0,10,10,10,10,5,0,0,0,0,0,0,0,0,0,0,0,0,0,0,0,0,0,0,0,0,0,0,0,0,0,0,0,0,,,,,,,,,,,,,,,,,,,45
,FC 780/FCBGA621,,Dummy Unit,,YES,,83,,,,,,,,,,,,,,,,,,,,,,,,,,,,,,,,,,,,,,,,,,,,,,,,,,,,83
,,C1-S43,Available Cabinet,,YES,,0,0,0,0,0,0,0,0,0,0,0,0,0,0,0,0,0,0,0,0,0,0,0,0,0,0,0,0,0,0,0,0,0,0,,,,,,,,,,,,,,,,,,,0
,,C1-S44,Available Cabinet,,YES,,0,0,0,0,0,0,0,0,0,0,0,0,0,0,0,0,0,0,0,0,0,0,0,0,0,0,0,0,0,0,0,0,0,0,,,,,,,,,,,,,,,,,,,0
5371,BGA208M_17x17_1.0p,C1-S23,Firewall Sample,B,YES,,0,10,10,10,9,0,0,0,0,0,0,0,0,0,0,0,0,0,0,0,0,0,0,0,0,0,0,0,0,10,10,0,18,10,,,,,,,,,,,,,,,,,,,87
8426,LQFP 64 10*10 ,C4-S23,Dummy Unit and Firewall Sample,A,YES,,480,5,5,5,5,5,5,5,5,,5,5,5,,,145,,,,,,,,,,,,,5,5,5,5,5,,,,10,,,,,,,,,,,,,,,,715
NA,LQFP 176 24*24 ,C4-S22,Firewall Sample,A,YES,,,,,,,,,,,,,,,,,,,,,,,,,,,,,,,,,,,,,,,,,33,,,,,,,,,,,,,33
NA,QFP,C4-S21,Firewall Sample,C,YES,,7,,,,,,,,,,,,,,,,,,,,,,,,,,,,,,,,,,,,,,,,,,,,,,,,,,,,7
8106/8302/8101/8268,FQFP 208/QFP 160/FQFP 240/LQFP 208,C4-S35,Firewall Sample,A,YES,,,,,,,,,,,,,,,,,,,,,,,,,,,,,,,,,,,,,,,,109,,,,,,,,,,,,,,109
8260,LQFP 52 10*10,C3-S11,Firewall Sample,A,YES,,0,10,10,10,10,10,10,10,10,0,10,10,0,0,0,0,0,0,0,0,0,0,0,0,0,0,0,0,10,10,10,10,10,0,0,0,0,0,0,0,0,0,0,,,,,,,0,,,150
00FA/5279/00J3/8411/00GW,FCPBGA,C4-S31,Firewall Sample,A,YES,,,,,,,,,,,,,,,,,,,,,,,,,,,26,,,,,,,,,,,,,,,,,,,,,,,,,,,26
00EV/00K6,LQFP 176/24X24,C4-S32,Firewall Sample,A,YES,,44,,,,,,,,,,,,,,,16,,,,,,,,,,,,,,,,,,,,,,,,,11,,,,,,,,,,,,71
8106,PQFP 208,C4-S37,Firewall Sample,A,YES,,,10,10,,10,,,,,,,,,,,,,,,,,,,,,,,,10,10,,10,,,,,,,,,,,,,,,,,,,,,60
6019,QFP 80/14X14,C4-S39,Firewall Sample,A,YES,,,10,10,,10,,,,,,,,,,,,,,,,,,,,,,,,,10,,10,,,,,,,,,,,,,,,,,,,,,50
8302,FQFP 240/32X32,C4-S40,Firewall Sample,A,YES,,,10,10,,10,11,,,,,,,,,,,,,,,,,,,,,,,10,10,,,,,,,,,,,,,,,,,,,,,,,61
8246,QFP 80 14*14 (SENDAI),C4-S45,Dummy Unit,A,YES,,534,,,,,,,,,,,,,,,,,,,,,,,,,,,,,,,,,,,,,,,,,,,,,,,,,,,,534
010L,QFNMAP16/4x4,C2-S5,Firewall Sample,B,YES,,0,,,,,,,,,,,,,,,,,,,,,,,,,,,,,,,,,,20,,,,,,,,,,,,,,,,,,20
,,C1-S38,Available Cabinet,,YES,,0,0,0,0,0,0,0,0,0,0,0,0,0,0,0,0,0,0,0,0,0,0,0,0,0,0,0,0,0,0,0,0,0,0,,,,,,,,,,,,,,,,,,,0
008N,FCBGA780/23X23,C2-S7,Firewall Sample,B,YES,,,,,,,,,,,,,,,,,,,,,,,,,,,,,,,,,,,103,,,,,,,,,,,,,,,,,,,103
00NG,FCLGA211M/9.6X9.6,C2-S7,Firewall Sample,B,YES,,,,,,,,,,,,,,,,,,,,,,,,,,,,,,,,,,,,,,,20,,,,,,,,,,,,,,,20
8259,LQFP144/20X20,C2-S3,Firewall Sample,B,YES,,0,,,,,,,,,,,,,,,,,,,,,14,,,,,,,,,,,,,,,,,,,,,,,,,,,,,,,14
,,C1-S36,Available Cabinet,,YES,,0,0,0,0,10,0,0,0,0,0,0,0,0,0,0,0,0,0,0,0,0,0,0,0,0,0,0,0,0,0,0,0,0,0,,,,,,,,,,,,,,,,,,,10
00B1,FCPBGA1932/45X45,C2-S9,Firewall Sample,B,YES,,20,,,,,,,,,,,,,,,,,,,,,,,,,,,,,,,,,,,,,,,,,,,,,,,,,,,,20
6019,QFP80/14x14,C1-S15,Firewall Sample,A,YES,,0,0,0,0,0,20,0,0,0,0,0,0,0,0,0,0,0,0,0,0,0,0,0,0,0,0,0,0,0,0,0,0,0,0,30,,,,,,,,,,,,,,,,,,50
,,C1-S31,Available Cabinet,,YES,,0,0,0,0,0,0,0,0,0,0,0,0,0,0,0,0,0,0,0,0,0,0,0,0,0,0,0,0,0,0,0,0,0,0,,,,,,,,,,,,,,,,,,,0
8263,LQFP80/12X12 ,C2-S19,Firewall Sample,B,YES,,,,,,,,,,,,,,,,,,,,,,,,,,,,,,,,,,,,,,,,10,10,20,22,17,,,,,,,30,,,109
,,C1-S39,Available Cabinet,,YES,,0,0,0,0,0,0,0,0,0,0,0,0,0,0,0,0,0,0,0,0,0,0,0,0,0,0,0,0,0,0,0,0,0,0,,,,,,,,,,,,,,,,,,,0
5193,PBGA516/27x27,C1-S27,Firewall Sample,B,YES,,0,0,0,0,0,0,0,0,0,0,0,0,0,0,0,0,0,0,0,0,0,0,0,0,0,0,0,0,0,0,0,0,10,0,,,,,,,,,,,,,,,,,,,10
00RE,QFN24/4x4,C1-S27,Firewall Sample,B,YES,,0,0,0,0,0,0,0,0,0,0,0,0,0,0,0,0,0,0,0,0,0,0,0,0,0,0,0,0,0,0,0,332,0,0,,,,,,,,,,,,,,,,,,,332
LQFP100/LQFP112,LQFP100/LQFP112,C2-S44,Firewall Sample,B,YES,,67,,,,,,,,,,,,,,,,,,,,,,,,,,,,,,,,,,,,,,,,,,,,,,,,,,,,67
5061,PBGA25/23X23,C2-S6,Firewall Sample,B,YES,,,,,,,,,,,,,,,,,,,,,,,,,,,,,,10,,,,,,,,,,,,,,,,,,,,,,,,10
6019,QFP80/14X14,C2-S4,Firewall Sample,B,YES,,,,,,,,,,,,,227,,,,,,,,,,,,,,,,,,,,,,,,,,,,,,,,,,,,,,,,,227
00FA,FCBGA780/23X23,C2-S4,Firewall Sample,B,YES,,,,,,,,,,,,,,,,,,,,,,,,,15,15,14,,22,,,,,,,,,,,,,,,,,,,,,,,,,66
007M,PBGA457/19x19,C1-S29,Firewall Sample,B,YES,,0,15,5,15,19,0,0,0,0,0,0,0,0,0,0,0,0,0,0,0,0,0,0,0,0,0,0,0,10,0,0,0,5,10,,,,,,,,,,,,,,,,,,,79
8264/8286,LQFP100/LQFP144,C1-S26,Firewall Sample,A,YES,,0,0,0,0,0,40,0,0,0,0,0,0,0,0,0,0,0,0,0,0,0,0,0,0,0,0,0,0,0,0,0,0,0,0,,,,,,,,,,,,,,,,,,,40
5252,PBGA416/27x27,C1-S24,Firewall Sample,B,YES,,0,0,0,0,0,0,0,0,0,0,0,0,0,0,0,0,0,0,0,0,0,0,0,0,0,0,0,0,0,0,0,0,0,0,120,,,,,,,,,,,,,,,,,,120
FCBGA1295L/37.5x37.5,FCBGA1295L/37.5x37.5,C1-S24,Firewall Sample,B,YES,,0,5,5,5,5,0,0,0,0,0,0,0,0,0,0,0,0,0,0,0,0,0,0,0,0,0,0,0,5,5,5,5,0,10,,,,,,,,,,,,,,,,,,,50
PBGA 27X27,PBGA 27X27,C4-S44,Firewall Sample,B,YES,,20,,,,,,,,,,,,,,,,,,,,,,,,,,,,,,,,,,,,,,,,,,,,,,,,,,,,20
8286/8285,LQFP144/LQFP100,C1-S11,Firewall Sample,B,YES,,0,0,0,0,0,0,0,0,43,0,0,0,0,0,0,0,0,0,0,0,0,0,0,0,0,0,0,0,0,0,0,0,0,0,,,,,,,,,,,,,,,,,,,43
,,C1-S39,Available Cabinet,,YES,,0,0,0,0,0,0,0,0,0,0,0,0,0,0,0,0,0,0,0,0,0,0,0,0,0,0,0,0,0,0,0,0,0,0,,,,,,,,,,,,,,,,,,,0
00EV,LQFP176_24x24_0.5p,C3-S3,Firewall Sample,A,YES,,23 (FIBER),0,0,0,0,0,0,0,0,0,33,0,0,0,0,0,0,0,0,0,0,0,0,0,0,0,0,0,0,0,0,0,0,0,,,,,,,,,,,,,,,,,,,33
00RE,QFN 24 (4X4),C5-S15,Dummy Unit,A,YES,,457,0,0,0,0,0,0,0,0,0,0,0,0,0,0,0,0,0,0,0,0,0,0,0,0,0,0,0,0,0,0,0,0,0,,,,,,,,,,,,,,,,,,,457
00NT,MAPBGA257/14x14,C1-S6,Firewall Sample,B,YES,,0,10,4,0,0,9,0,0,0,0,0,0,0,0,0,0,0,0,0,0,0,0,0,0,0,0,0,0,0,0,0,6,0,10,,,,,,,,,,,,,,,,,,,39
003Z/00TK/00CA/00KA/00RE/00KR,QFN ,C4-S1,MSA/GRR,A,YES,,,0,0,0,0,0,0,0,0,0,0,0,0,0,0,0,0,0,0,0,0,0,0,0,0,0,0,0,0,0,0,0,0,0,,,,,,,,,,,,,,,,,,,0
8285,LQFP 100 14SQ1.4P0.5,C3-S4,Firewall Sample,A,YES,,90,0,0,0,0,0,0,0,0,0,0,0,0,0,0,190,0,0,0,0,0,0,0,0,0,0,0,0,0,0,0,0,,0,60 (STI 26 Set up),0,0,,,,,,,,,,,,,,,,280
8285,LQFP 100 14SQ1.4P0.5,C3-S5,Firewall Sample,A,YES,,0,0,0,0,0,0,0,0,0,0,5,0,0,0,0,90,0,,0,0,0,,0,0,0,0,0,0,0,0,0,0,0,0,,,200,,,,,,,,,,,,,,,,295
00KA,QFN 6x6,C3-S5,Firewall Sample,A,YES,,0,,0,0,0,0,0,0,0,0,0,0,0,0,0,0,0,0,18,10,0,0,0,0,0,0,0,0,0,0,0,0,0,0,20 (Pad damage),0,0,,,,,,,,,,,,,,,,28
8445,FCCBGA 994 33SQ*2.75P1,C3-S6,Firewall Sample,A,YES,,0,0,0,0,0,0,0,0,0,0,0,0,0,0,0,0,0,0,0,0,0,0,0,0,0,0,0,0,5,5,0,5,5,10,0,0,0,,,,,,,,,,,,,,,,30
8285,LQFP 100 14SQ1.4P0.5,C3-S7,Firewall Sample,A,YES,,10,0,0,0,0,0,0,0,0,0,18,0,0,0,0,0,0,0,0,0,0,0,0,0,0,0,0,0,0,0,0,0,0,0,0,0,0,,,,,,,,,,,,,,,,28
00TK,00TK/QFN 64/9X9,C5-S16,Dummy Unit,A,YES,,43,0,0,0,0,0,0,0,0,0,0,0,0,0,0,0,0,,0,0,0,0,0,0,0,,,,,,,,,,,,,,,,,,,,,,,,,,,,43
00VJ,00VJ/MAPBGA 364/15X15,C5-S14,Dummy Unit,A,YES,,378,0,0,0,0,0,0,0,0,0,0,0,0,0,0,0,0,0,0,0,0,0,0,0,0,0,0,0,0,0,0,,0,0,0,0,0,,,,,,,,,,,,,,,,378
6019,QFP 80 14*14*2.2P0.65,C5-S14,Dummy Unit,A,YES,,200,0,0,0,0,0,0,0,0,0,0,0,0,0,0,0,0,0,0,0,0,0,0,0,0,0,0,0,0,0,0,0,0,0,0,0,0,,,,,,,,,,,,,,,,200
010G,TEPBGA360/23x23,C2-S1,Firewall Sample,C,YES,,,,,,,,,,,,,,,,,,,,,,,,,,,,,,5,5,5,5,5,10,,,,,,,,,,,,,,,,,,,35
8446,FCPBGA783/29x29,C2-S2,Firewall Sample,A,YES,,,,,,,,,,,,,,,,,,,,,,,,,15,15,14,,17,4,4,,,,,,,,,,,,,,,,,,,,,,,69
00T4,FCPBGA1517L/40x40,C2-S3,Firewall Sample,C,YES,,,,,,,,,,,,,,,,,,10,10,10,,10,,,,,,,,10,10,10,10,10,10,,,,,,,,,,,,,,,,,,,100
"8271, 00EV,8286,8255,8285,8426,6057,6019,8023",QFP,C4-S18,MSA/GRR,A,YES,,,,,,,,,,,,,,,,,,,,,,,,,,,,,,,,,,,,,,,,,,,,,,,,,,,,,,0
00MN,FCBGA 621/17X17,C3-S10,Firewall Sample,A,YES,,0,0,0,0,0,0,0,0,0,0,0,0,0,0,0,0,10,10,10,0,10,0,0,0,0,0,0,0,10,10,10,10,10,10,0,0,0,0,0,0,0,0,0,,,,,,,0,,,100
8411,FCBGA 1023/33X33,C3-S12,Firewall Sample,A,YES,,24,5,5,5,5,0,0,0,0,0,0,0,0,0,0,0,0,0,0,0,0,0,0,5,5,5,0,0,5,5,5,5,0,10,0,0,0,0,0,0,0,0,0,,,,,,,0,,,89
8285 & 8264,LQFP 100/14X14,C3-S15,Firewall Sample,A,YES,,0,10,10,,10,20,0,0,0,0,0,0,0,0,0,0,0,0,0,0,0,0,0,0,0,0,0,0,0,0,0,0,0,0,0,0,0,0,0,0,0,0,0,,,,,,,0,,,50
00G6,MAPBGA 516,C3-S13,Firewall Sample,A,YES,,0,10,10,0,0,10,0,0,0,0,0,0,0,0,0,0,0,0,0,0,0,0,0,0,0,0,0,0,10,20,20,20,20,25,0,0,0,0,0,0,0,0,0,,,,,,,0,,,145
00TK,QFN 64/9X9,C4-S7,Firewall Sample,A,YES,,,10,,10,10,3,,,,,,,,,,,,,,,,,,,,,,,,10,5,10,,,,,,,,,,,,,,,,,,,,,58
6170,QFN16EP 6SQ*1.98P1.0,C4-S12,Firewall Sample,A,YES,,,15,21,10,10,37,,,,,,,,,,,,,,,,,,,,,,,,,,,,,,,,,,,,,,,,,,,,,,,93
5252,PBGA 416/27X27,C4-S20,Firewall Sample,A,YES,,,,,12,11,3,,,,,,,,,,,,,,,,,,,,,,,10,,,,,21,,,,,,,,,,,,,,,,,,,57
5058,PBGA 357/25X25,C4-S25,Firewall Sample,A,YES,,,10,,10,11,,,,,,,,,,,,,,,,,,,,,,,,12,,,,,,,,,,,,,,,,,,,,,28,,,71
5253,MAPBGA 208/17X17,C4-S5,Firewall Sample,A,YES,,,,,,,,,,,,,,,,,,,,,,,,,,,,,,10,10,,10,8,,,,,,,,,,,,,,,,,,,,38
6213/8285/8426/007Z,LQ100/PWR QFN/LQFP 64/MAPBGA 292,C4-S6,Firewall Sample,A,YES,,,,,,,67,,,,,,,,,,,,,,,,,,,,,,,,,,,,,,,,,,,,,,,,,,,,,,,67
8260,LQFP 52/10X10,C3-S6,Firewall Sample,A,YES,,0,0,0,0,0,0,10,10,10,,10,10,0,0,0,0,0,0,0,0,0,0,0,0,0,0,0,0,0,0,0,0,0,0,0,0,0,0,0,0,0,0,0,,,,,,,0,,,50
8285,LQFP 100/14X14,C4-S26,Firewall Sample,A,YES,,21,,,,,,58,58,,33,,,,,,,,,,,,,,,,,,,,,,,,,,,,,25,,,,,,,,,,,,,,195
8285,LQFP 100/14X14,C4-S27,Firewall Sample,A,YES,,15,5,5,5,5,,,,,,,,,,,15,,,,,,,,,,,,,,,,,,,,15,,,,,,,,,,,,,,35,,,100
8286,LQFP 144/20X20,C4-S19,Firewall Sample,A,YES,,,,,,,,,,,,,,,,,,,,,,,,,,,,,,,,,,,,,,,,,,346,,,,,,,,,,,,346
8271,LQFP 176/24X24,C4-S30,Firewall Sample,A,YES,,,10,10,10,10,10,10,10,10,10,,,,,,10,,,,,,,,,,,,,10,10,5,10,10,,,,,,,,,,,,,,,,,,,,145
8271,LQFP 176/24X24,C3-S1,Firewall Sample,A,YES,,0,0,0,0,0,0,0,0,0,72,0,0,0,0,0,0,0,0,0,0,0,0,0,0,0,0,0,0,0,0,0,0,0,0,0,0,0,0,0,0,0,0,0,,,,,,,0,,,72
NA,LQFP 144/PQFP 132,C3-S19,Firewall Sample,A,YES,,0,0,0,0,0,0,0,0,298,0,0,0,0,0,0,0,0,0,0,0,0,0,0,0,0,0,0,0,0,0,0,0,0,0,0,0,0,0,0,0,0,0,0,,,,,,,0,,,298
5246,MAPBGA 256/17X17,C3-S8,Firewall Sample,A,YES,,0,0,0,0,0,0,0,0,0,0,0,0,,0,0,0,0,0,0,0,0,0,0,0,0,0,0,0,10,10,0,10,8,0,0,0,0,0,0,0,0,0,0,,,,,,,0,,,38
00K6/00EV/8286,LQFP 176/LQFP 144,C4-S34,Firewall Sample,A,YES,,FIBER-8 UNITS,,,,,4,,,,15,,,,,,,,,,,,,,,,,,,,,,,,,,,,,6,,,,,,,,,,,,,,25
8255,LQFP 112/20X20,C3-S20,Firewall Sample,A,YES,,0,0,0,0,0,0,0,0,0,0,0,,0,0,0,0,0,0,0,0,0,0,0,0,0,0,0,0,0,0,0,0,0,0,445,0,0,0,0,0,0,0,0,,,,,,,0,,,445
NA,LQFP 114/LQFP 112/ LQFP 100/QFP160,C3-S21,Firewall Sample,A,YES,,0,0,0,0,0,,1,1,0,0,0,0,0,0,0,0,0,0,0,0,0,0,1,0,0,0,0,0,0,0,0,0,0,0,2,0,0,0,0,0,0,0,0,,,,,,,0,,,5
00D8,FCBGA 1023/33X33,C3-S22,Firewall Sample,A,YES,,15,0,0,0,0,0,0,0,0,0,0,0,0,,0,0,10,10,10,0,10,0,0,0,0,0,0,0,0,0,0,0,0,10,0,0,0,0,0,0,0,0,0,,,,,,,0,,,65
6213,PWR QFN 24/8X8,C4-S22,Firewall Sample,A,YES,,,,,,,,,,,,,,,,,,,,,,,,,,,,,,,,,,,,,,,,,,,,,,,,,,,,,,0
6019,QFP 80/14X14,C3-S23,Firewall Sample,A,YES,,0,20,20,0,0,10,0,0,0,0,0,0,0,0,0,0,0,0,0,0,0,0,0,0,0,0,0,0,10,15,0,15,10,0,0,0,0,0,0,15,15,0,0,,,,,,,0,,,130
6019,QFP 80/14X14,C3-S24,Firewall Sample,A,YES,,0,0,0,0,0,0,0,0,15,15,0,0,0,0,0,15,0,0,0,0,0,0,0,0,0,0,0,0,0,0,0,0,0,0,0,0,0,0,0,0,0,0,0,,,,,,,0,,,45
00VJ,MAPBGA 364/15X15,C3-S9,Firewall Sample,A,YES,,0,11,11,0,10,3,0,0,0,0,0,0,0,0,0,0,0,0,0,0,0,0,0,0,0,0,0,0,0,0,0,0,0,0,0,0,0,0,0,0,0,0,0,,,,,,,0,,,35
00D0,MAPBGA 356/17X17,C5-S19,Dummy Unit,A,YES,,817,0,0,0,0,0,0,0,0,0,0,0,0,0,0,0,0,0,0,0,0,0,0,0,0,0,0,0,0,0,0,0,0,0,0,0,0,0,0,0,0,0,0,0,0,,,,,0,,,817
00NJ,MAPBGA 208/17X17,C5-S18,Dummy Unit,A,YES,,885,0,0,0,0,0,0,0,0,0,0,0,0,0,0,0,0,0,0,0,0,0,0,0,0,0,0,0,0,0,0,0,0,0,0,0,0,0,0,0,0,0,0,0,0,,,,,0,,,885
00V2,FCBGA 525/19X19,C5-S16,Dummy Unit,A,YES,,512,0,0,0,0,0,0,0,0,0,0,0,0,0,0,0,0,0,0,0,0,0,0,0,0,0,0,0,0,0,0,0,0,0,0,0,0,0,0,0,0,0,0,,,,,,,0,,,512
5252,PBGA416/27X27,C3-S28,Dummy Unit,A,YES,,440,0,0,0,0,0,0,0,0,0,0,0,0,0,0,0,0,0,0,0,0,0,0,0,0,,0,0,0,0,,0,0,,0,0,0,0,0,0,0,0,0,,,,,,,0,,,440
8426,LQFP 64/10X10,C5-S19,Dummy Unit,A,YES,,1440,0,0,0,0,0,0,0,0,0,0,0,0,0,0,0,0,0,0,0,0,0,0,0,0,0,0,0,0,0,0,0,0,0,0,0,0,0,0,0,0,,0,0,0,,,,,0,,,1440
8284,LQFP 80/14X14,C5-S20,Dummy Unit,A,YES,,900,0,0,0,0,0,0,0,0,0,0,0,0,0,0,0,0,0,0,0,0,0,0,0,0,0,0,0,0,0,0,0,0,0,0,0,0,0,0,0,0,0,0,,,,,,,0,,,900
00G7,LQFP 208,C5-S1,Firewall Sample,B,YES,,0,0,0,0,10,10,0,0,0,0,0,0,0,0,0,0,0,0,0,0,0,0,0,0,0,0,0,0,0,0,0,10,0,0,,,,,,,,,,,,,,,,,,,30
00G7,LQFP 208,C5-S1,Firewall Sample,B,YES,,0,10,10,0,0,0,0,0,0,0,0,0,0,0,0,0,0,0,0,0,0,0,0,0,0,0,0,0,10,10,0,0,0,0,,,,,,,,,,,,,,,,,,,40
8097,QFP 144,C5-S3,Firewall Sample,B,YES,,0,10,0,0,10,0,0,0,0,0,0,0,0,0,0,0,0,0,0,0,0,0,0,0,0,0,0,0,10,10,0,0,0,0,,,,,,,,,,,,,,,,,,,40
8097,QFP 144,C5-S3,Firewall Sample,B,YES,,0,0,0,0,0,0,0,0,0,0,0,0,0,,0,0,0,0,0,0,0,0,0,0,0,0,0,0,0,10,0,10,0,0,,,,,,,,,,,,,,,,,,,20
8106,QFP 208,C5-S2,Firewall Sample,B,YES,,0,10,10,0,10,0,0,0,0,0,0,0,0,0,0,0,0,0,0,0,0,0,0,0,0,0,0,0,10,0,0,0,0,0,,,,,,,,,,,,,,,,,,,40
8106,QFP 208,C5-S2,Firewall Sample,B,YES,,0,0,0,0,0,0,0,0,0,0,0,0,0,0,0,0,0,0,0,0,0,0,0,0,0,0,0,0,0,10,0,10,0,0,,,,,,,,,,,,,,,,,,,20
24X24,QFP 132,C5-S17,Firewall Sample,B,YES,,0,10,0,0,0,0,0,0,0,0,0,0,0,0,0,0,0,0,0,0,0,0,0,0,0,0,0,0,10,0,0,0,0,0,,,,,,,,,,,,,,,,,,,20
,LQFP100/14x14,C2-S11,Firewall Sample,A,YES,,,,,,,,,,,14,,,,,,,,,,,,,,,,,,,,,,,,,,,,,,,,,,,,,,,,,,,14
,LQFP64/10x10,C2-S11,Firewall Sample,A,YES,,,,,,,,,,,,,,,,,,,,,,,,,,,,,,31,,,,,,,,,,,,,,,,,,,,,,,,31
00KS,FCPBGA1292/37.5x37.5,C2-S13,Firewall Sample,A,YES,,,,,,10,,,,,,,,,,,,,,,,,,,,,,,,5,,5,,,10,,,,,,,,,,,,,,,,,,,30
00KS,FCPBGA1292/37.5x37.5,C2-S13,Firewall Sample,A,YES,,,,,,,,,,,,,,,,,,,,,,,,,,,,,,2,2,,5,,,,,,,,,,,,,,,,,,,,,9
8432,FCPBGA1023/33x33,C2-S15,Firewall Sample,A,YES,,,,,,,,,,,,,,,,,,,,,,,,,,,,,,5,5,,,,10,,,,,,,,,,5,,,,,,,,,25
,QFP80/14x14,C2-S12,Firewall Sample,A,YES,,,,,,,,,,,,,,,,,,,,,,,,,,,,,,,,,,,,,,,,,,,,,,200,,,,,,,,200
00MZ,QFN16/4x4,C2-S17,Firewall Sample,A,YES,,,,,,,,,,,,,,,,,,,15,15,,,,,,,,,,,15,15,,,,,,,,,,,,,,,,,,,,,,60
00MZ,QFN16/4x4,C2-S17,Firewall Sample,A,YES,,,,,,,,,,,,,,,,,,,,,,15,,,,,,,,,15,15,15,,,,,,,,,,,,,,,,,,,,,60
00MZ,QFN16/4x4,C2-S18,Firewall Sample,A,YES,,,,,,,,,,,,,,,,,,10,25,15,,,,,,,,,,,,,,,,,,,,,,,,,,,,,,,,,,50
,TBGA352/35x35,C5-S10,Dummy Unit,A,YES,,48,,,,,,,,,,,,,,,,,,,,,,,,,,,,,,,,,,,,,,,,,,,,,,,,,,,,48
,PBGA425/19x19,C5-S8,Dummy Unit,A,YES,,242,,,,,,,,,,,,,,,,,,,,,,,,,,,,,,,,,,,,,,,,,,,,,,,,,,,,242
,PQFN24/8x8,C5-S8,Dummy Unit,A,YES,,641,,,,,,,,,,,,,,,,,,,,,,,,,,,,,,,,,,,,,,,,,,,,,,,,,,,,641
,FCQP38M,C5-S7,Dummy Unit,A,YES,,191,,,,,,,,,,,,,,,,,,,,,,,,,,,,,,,,,,,,,,,,,,,,,,,,,,,,191
,QFN LEON/4x4,C5-S9,Dummy Unit,A,YES,,2403,,,,,,,,,,,,,,,,,,,,,,,,,,,,,,,,,,,,,,,,,,,,,,,,,,,,2403
,QFN24/4x4,C2-S29,Firewall Sample,A,YES,,,,,,,,,,,,,,,,,,,,,,,,"1,148",,,,,,,,,,,,,,,,,,,,,,,,,,,,,,1148
,PBGA457/19x19,C5-S9,Dummy Unit,A,YES,,325,,,,,,,,,,,,,,,,,,,,,,,,,,,,,,,,,,,,,,,,,,,,,,,,,,,,325
,FCPBGA1150/23x23,101,Dummy Unit,A,YES,,,,,,,,,,,,,,,,,,,,,,,,,,,,,,,,,,,,,,,,,,,,,,,,,,,,,,0
,FBGA269/14x14,C2-S28,Firewall Sample,A,YES,,,,,,,,,,,,,,,,,,,,,,,,,,,,,,,,,,,19,,,,,,,,,,,,,,,,,,,19
,QFP64/14x14,C5-S11,Dummy Unit,A,YES,,30,,,,,,,,,,,,,,,,,,,,,,,,,,,,,,,,,,,,,,,,,,,,,,,,,,,,30
,LQFP44/10x10,C5-S12,Dummy Unit,A,YES,,66,,,,,,,,,,,,,,,,,,,,,,,,,,,,,,,,,,,,,,,,,,,,,,,,,,,,66
,HQFN24FAMWF/4x4,C2-S27,Firewall Sample,A,YES,,,,,,,,,,,,,,,,,,,,,,,,,,,,,,,,,,,,,,,,,,,,,,,,,,,285,,,285
,HQFN24FAMWF/4x4,C2-S27,Firewall Sample,A,YES,,,,,,,,,,,,,,,,,,,,,,,,"1,709",,,,,,,,,,,,,,,,,,,,,,,,,,,,,,1709
8286,LQFP144/20x20,C2-S26,Firewall Sample,A,YES,,,,5,,,,,,,,,,,,,,,,,,,,,,,,,,,,,,,,,,,,,,,,,,,,,,,,,,5
,MAPBGA257/14x14,C2-S26,Firewall Sample,A,YES,,,,,,,,,,,,,,,,,,10,10,10,,10,,,,,,,,11,,,,,14,,,,,,,,,,,,,,,,,,,65
00V5,MAPBGA289/14x14,C5-S10,Dummy Unit,A,YES,,846,,,,,,,,,,,,,,,,,,,,,,,,,,,,,,,,,,,,,,,,,,,,,,,,,,,,846
8263,LQFP80/12x12,C2-S25,Firewall Sample,A,YES,,,,,,,,,,,10,,,,,,,,,,,,,,,,,,,,,,,,,,,,,,,,,,,,,,,,,,,10
,QFP160/28x28,C2-S25,Firewall Sample,C,YES,,,,,,,,,,10,10,,,,,,,,,,,,,,,,,,,,,,,,,,,,,,,,,,,,,,,,,,,20
,LQFP48/7x7,C5-S11,Dummy Unit,A,YES,,225,,,,,,,,,,,,,,,,,,,,,,,,,,,,,,,,,,,,,,,,,,,,,,,,,,,,225
00EV,LQFP176/24x24,C2-S21,Firewall Sample,A,YES,,,,,,,,,,,,10,9,,,,10,,,,,,10,,,,,,,,,,,10,,,,,,,,,,,,,,,,,,,,49
,LQFP48/7x7,C5-S22,Dummy Unit,A,YES,,180,,,,,,,,,,,,,,,,,,,,,,,,,,,,,,,,,,,,,,,,,,,,,,,,,,,,180
,LQFP48/7x7,C5-S12,Dummy Unit,A,YES,,2000,,,,,,,,,,,,,,,,,,,,,,,,,,,,,,,,,,,,,,,,,,,,,,,,,,,,2000
00EV,LQFP176/24x24,C2-S22,Firewall Sample,A,YES,,,,,,,,,12,13,13,,,5,,,,,,,,,,,,,,,,,,,,,,,,,,,,,,,,,,,,,,,,43
8285,LQFP 100,C6-S3,Firewall Sample,A,YES,,,,,,,,,,,180,,,,,,,,,,,,,,,,,,,,,,,,,,,,,,,,,,,,,,,,,,,180
5252,PBGA 416,C6-S3,Firewall Sample,A,YES,,,,,,,206,,,,,,,,,,,,,,,,,,,,,,,,,,,,,,,,,,,,,,,,,,,,,,,206
5252,PBGA416/27x27,C2-S9,Firewall Sample,A,YES,,,,,,,,,,,,,,,,10,,,5,,,,9,,,,,,,,5,5,5,22,,,,,,,,,,,,,,,,,,,,61
004J,MAPBGA473/19x19,C2-S16,Firewall Sample,A,YES,,148,,,,,,,,,,,,,,,,10,10,10,,10,11,,,,,,,10,11,10,10,,10,33,,,,,,,,,,,,,,,,,,283
,LQFP100/14x14,C2-S10,Firewall Sample,A,YES,,,,,,,,,,,,,,,,,,,,,,,,,,,,,,,,,,,,,,,,35,,,,,,,,,,,,,,35
,LQFP144/20x20,C2-S12,Firewall Sample,A,YES,,,,,,,,,,,,,,,,,,,,,,,,,,,,,,,,,,,,,,,,53,,,,,,,,,,,,,,53
,LQFP176/24x24,C2-S15,Firewall Sample,A,YES,,,,,,,,,,,,,,,,,,,,,,,,,,,,,,,,,,,,,,,,84,,,,,,,,,,,,,,84
00T6,FCCSP 157/8X8,C5-S15,Dummy Unit,A,YES,,1740,0,0,0,0,0,0,0,0,0,0,0,0,0,0,0,0,0,0,0,0,0,0,0,0,0,0,0,0,0,0,0,0,0,0,0,0,0,0,0,0,0,0,0,0,,,,,0,,,1740
00SN,FCBGA 609/21X21,C5-S17,Dummy Unit,A,YES,,300,0,0,0,0,0,0,0,0,0,0,0,0,0,0,0,0,0,0,0,0,0,0,0,0,0,0,0,0,0,0,0,0,0,0,0,0,0,0,0,0,0,0,0,0,,,,,0,,,300
008N,FCBGA 280/23/23,C5-S17,Dummy unit,A,YES,,300,0,0,0,0,0,0,0,0,0,0,0,0,0,0,0,0,0,0,0,0,0,0,0,0,0,0,0,0,0,0,0,0,0,0,0,0,0,0,0,0,0,0,0,0,,,,,0,,,300
8285,LQFP 100/14X14,C5-S1,Dummy Unit,A,YES,,390,,,,,,,,,,,,,,,,,,,,,,,,,,,,,,,,,,,,,,,,,,,,,,,,,,,,390
8285,LQFP 100/14X14,C5-S1,Dummy Unit,A,YES,,900,,,,,,,,,,,,,,,,,,,,,,,,,,,,,,,,,,,,,,,,,,,,,,,,,,,,900
00T4,FCPBGA1517/40X40,C5-S2,Dummy Unit,A,YES,,105,,,,,,,,,,,,,,,,,,,,,,,,,,,,,,,,,,,,,,,,,,,,,,,,,,,,105
00T4,FCPBGA1517/40X40,C5-S2,Dummy Unit,A,YES,,126,,,,,,,,,,,,,,,,,,,,,,,,,,,,,,,,,,,,,,,,,,,,,,,,,,,,126
8023,PQFP 132/28X28,C5-S3,Dummy Unit,A,YES,,216,,,,,,,,,,,,,,,,,,,,,,,,,,,,,,,,,,,,,,,,,,,,,,,,,,,,216
8023,PQFP 132/28X28,C5-S3,Dummy Unit,A,YES,,49,,,,,,,,,,,,,,,,,,,,,,,,,,,,,,,,,,,,,,,,,,,,,,,,,,,,49
8426,LQFP 64/10X10,C5-S4,Dummy Unit,A,YES,,1102,,,,,,,,,,,,,,,,,,,,,,,,,,,,,,,,,,,,,,,,,,,,,,,,,,,,1102
00MZ,QFN-MAP 24/4X4,C5-S5,Dummy Unit,A,YES,,1580,,,,,,,,,,,,,,,,,,,,,,,,,,,,,,,,,,,,,,,,,,,,,,,,,,,,1580
8264,LQFP 100/14X14,C5-S20,Dummy Unit,A,YES,,734,0,0,0,0,0,0,0,0,0,0,0,0,0,0,0,0,0,0,0,0,0,0,0,0,0,0,0,0,0,0,0,0,0,0,0,0,0,0,0,0,0,0,0,0,,,,,0,,,734
007B,MAPBGA 144/13X13,C5-S21,Dummy Unit,A,YES,,320,0,0,0,0,0,0,0,0,0,0,0,0,0,0,0,0,0,0,0,0,0,0,0,0,0,0,0,0,0,0,0,0,0,0,0,0,0,0,0,0,0,0,0,0,,,,,0,,,320
AMAZONAS(TBE SET UP),MECH SAMPLE,C3-S3,Firewall Sample,A,YES,,0,0,0,0,0,0,0,0,0,0,0,0,0,0,0,0,0,0,0,0,0,0,0,0,0,0,0,0,0,0,0,0,0,0,0,0,0,0,0,0,0,0,0,0,0,,,,,0,,,0
NA,MPQFP 144/28X28,C3-S7,Firewall Sample,A,YES,,0,0,0,0,0,0,0,0,0,0,0,0,0,0,0,0,0,0,0,0,0,0,0,0,0,0,0,0,10,0,0,0,0,0,0,0,0,0,0,0,0,0,0,0,0,,,,,0,,,10
8023,PQFP 132/24X24,C3-S8,Firewall Sample,A,YES,,0,0,10,0,0,0,0,0,0,0,0,0,0,0,0,0,0,0,0,0,0,0,0,0,0,0,0,0,0,10,0,0,0,0,0,0,0,0,0,0,0,0,0,0,0,,,,,0,,,20
8023,PQFP 132/24X24,C3-S9,Firewall Sample,A,YES,,0,10,0,0,0,0,0,0,0,0,0,0,0,0,0,0,0,0,0,0,0,0,0,0,0,0,0,0,10,0,0,0,0,0,0,0,0,0,0,0,0,0,0,0,0,,,,,0,,,20
8255,LQFP 112/20X20,C5-S5,Dummy Unit,A,YES,,220,,,,,,,,,,,,,,,,,,,,,,,,,,,,,,,,,,,,,,,,,,,,,,,,,,,,220
009U,FCPBGA 624/21X21,C5-S6,Dummy Unit,A,YES,,506,,,,,,,,,,,,,,,,,,,,,,,,,,,,,,,,,,,,,,,,,,,,,,,,,,,,506
8268,LQFP 208/28X28,C3-S24,Firewall Sample,A,YES,,0,0,0,0,0,0,0,0,0,,0,0,0,0,0,0,0,0,0,0,0,0,0,0,0,0,0,0,0,0,0,0,0,0,0,0,0,0,23,0,0,0,0,0,0,,,,,0,,,23
NA,MQFP 144/28X28,C3-S25,Firewall Sample,A,YES,,0,20,0,0,0,0,0,0,0,0,0,0,0,0,0,0,0,0,0,0,0,0,0,0,0,0,,0,0,0,0,0,0,0,0,0,0,0,0,0,0,0,0,0,0,,,,,0,,,20
8424,FCPBGA 360/25X25,C5-S6,Dummy Unit,A,YES,,308,,,,,,,,,,,,,,,,,,,,,,,,,,,,,,,,,,,,,,,,,,,,,,,,,,,,308
NA,QFN 24/4X4,C3-S26,Firewall Sample,A,YES,,0,0,0,0,0,0,0,0,0,0,0,0,0,0,0,0,0,0,0,0,0,0,0,0,0,0,0,0,0,0,0,0,0,0,0,0,0,0,0,0,0,0,0,0,0,,,,,0,,,0
8262/8302/8097,LQFP208/QFP240/QFP144,C2-S16,Firewall Sample,C,YES,,,,,,,,,,,,30,30,,,,,,,,,,,,,,,,,,,,,,,,,,,,,,,,,,,,,,,,,60
8286,LQFP144/20x20,C2-S18,MSA/GRR,C,YES,,,,,,,,,,,,,,,,,,,,,,,,,,,,,,,,,,,,,,,,,,,,,,,,,,,10,,,10
5345,MAPBGA121/12x12,C2-S20,Firewall Sample,A,YES,,,,,,,,,,,,,,,,,,5,5,5,,,,,,,,,,5,5,5,,,,,,,,,,,,,,,,,,,,,,30
5345,MAPBGA121/12x12,C2-S20,Firewall Sample,A,YES,,,,,,,,,,,,,,,,,,,,,,5,5,,,,,,,,,,,,10,,,,,,,,,,,,,,,,,,,20
NA,QFN 24/4X4,C3-S27,Firewall Sample,A,YES,,0,0,0,0,0,0,0,0,0,0,0,0,0,0,0,0,0,0,0,0,0,0,0,0,0,0,0,0,0,0,0,0,0,0,0,0,0,0,0,0,0,0,0,0,0,,,,,0,,,0
NA,QFN 24/4X4,C3-S27,Firewall Sample,A,YES,,0,0,0,0,0,0,0,0,0,0,0,0,0,0,0,0,0,0,0,0,0,0,0,0,0,0,,0,0,0,0,0,0,0,0,0,0,0,0,0,0,0,0,0,0,,,,,0,,,0
NA,QFN 24/4X4 (TPMS),C3-S28,Firewall Sample,A,YES,,0,0,0,0,0,0,0,0,0,0,0,0,0,0,0,0,0,0,0,0,0,0,0,0,0,0,0,0,0,0,0,0,0,0,0,0,0,0,0,0,0,0,0,0,,,,,,0,,,0
8284,LQFP 80/14X14,C3-S28,Firewall Sample,A,YES,,0,0,0,0,0,0,0,0,0,0,0,0,0,0,12,0,0,0,0,0,0,0,0,0,0,0,0,0,0,0,0,0,0,0,0,0,0,0,0,0,0,0,0,,0,,,,,0,,,12
6019,QFP 80/14X14,C3-S29,Firewall Sample,A,YES,,0,0,0,0,0,0,0,0,0,0,0,0,0,0,0,0,0,0,0,0,0,0,0,0,0,0,0,0,0,0,0,0,0,0,0,0,0,0,36,0,0,0,0,0,0,,,,,0,,,36
NA,MQFP 144/28X28,C3-S29,Firewall Sample,A,YES,,0,0,0,0,10,0,0,0,0,0,0,0,0,0,0,0,0,0,0,0,0,0,0,0,0,0,0,0,0,0,0,0,0,0,0,0,0,0,0,0,0,0,0,0,0,,,,,0,,,10
00EV/00K6,LQFP 176/24X24,C5-S4,Dummy Unit,A,YES,,166,,,,,,,,,,,,,,,,,,,,,,,,,,,,,,,,,,,,,,,,,,,,,,,,,,,,166
00K6,LQFP 176/24x24,C3-S30,Firewall Sample,A,YES,,0,0,0,0,0,0,0,0,0,0,0,0,0,0,0,11,0,0,0,0,0,0,0,0,0,0,0,0,0,0,0,0,0,0,50 (Fiber),0,0,0,50,0,0,0,0,0,0,,,,,0,,,61
,LQFP 32/7X7,C5-S23,Dummy Unit,A,YES,,2000,,,,,,,,,,,,,,,,,,,,,,,,,,,,,,,,,,,,,,,,,,,,,,,,,,,,2000
00EV,LQFP 176/24X24,C3-S30,Firewall Sample,A,YES,,0,0,0,0,0,8,0,0,0,0,0,5,0,0,0,0,0,0,0,0,0,0,0,0,0,0,0,0,0,0,0,0,0,,0,0,0,0,10,0,0,0,0,0,0,,,,,0,,,23
00D8,FCPBGA 1023/33X33,C5-S23,Dummy Unit,A,YES,,187,,,,,,,,,,,,,,,,,,,,,,,,,,,,,,,,,,,,,,,,,,,,,,,,,,,,187
8271,LQFP 176/24X24,C3-S31,Firewall Sample,A,YES,,0,0,0,0,0,0,0,0,4,0,0,0,0,0,0,,0,0,0,0,0,0,0,0,0,0,0,0,0,0,0,0,0,0,0,0,0,,0,0,0,0,0,0,0,,,,,0,,,4
00V2,FCPBGA 525/19X19,C5-S24,Dummy Unit,A,YES,,423,,,,,,,,,,,,,,,,,,,,,,,,,,,,,,,,,,,,,,,,,,,,,,,,,,,,423
8271,LQFP 176/24X24,C3-31,Firewall Sample,A,YES,,0,0,0,0,0,0,0,0,4,0,60,0,0,0,0,0,0,0,0,0,0,0,0,0,0,0,0,0,0,0,0,0,0,0,0,0,0,0,0,0,0,0,0,0,0,,,,,0,,,64
8271/00K6/00EV,LQFP 176/24X24,C3-S32,Firewall Sample,A,YES,,0,0,0,0,0,0,0,0,0,0,0,0,0,0,0,0,184,0,0,0,0,0,0,0,0,0,0,0,0,0,0,0,0,0,0,0,0,0,0,0,0,0,0,0,0,,,,,0,,,184
00V2,FCPBGA 525/19X19,C4-S41,Firewall Sample,A,YES,,,11,10,10,11,,,,,,,,,,,,,,,,,,,,,,,,,,,,,,,,,,,,,,,,,,,,,23,,,65
8286,LQFP 144/20X20,C4-S19,Firewall Sample,A,YES,,,,,,,47,,,,,,,,,,,,,,,,,,,,,,,,,,,,,,,,,,,,,,,,,,,,,,,47
00EV,LQFP 176/24X24,C6-S1,Firewall Sample,A,YES,,,,,,,,,,,,,,,,,,,,,,,,,,,,,,,,,,,,,,,,,,,,,,,,,,,,,147,147
00EV,LQFP 176/24X24,C6-S1,Firewall Sample,A,YES,,,,,,,,,,,,,,,,,,,,,,,,,,,,,,,,,,,,,,,,,,,,,,,,,,,,,10,10
Multiple package,Multiple package,C6-S2,MSA/GRR,A,YES,,,,,,,,,,,,,,,,,,,,,,,,,,,,,,,,,,,,,,,,,,,,,,,,,,,,,,0
Multiple package,Multiple package,C6-S2,MSA/GRR,A,YES,,,,,,,,,,,,,,,,,,,,,,,,,,,,,,,,,,,,,,,,,,,,,,,,,,,,,,0
8436,(L)QFP64_10x10_0.5p,C1-S7,Firewall Sample,B,YES,,0,5,14,0,0,0,0,0,0,5,0,0,0,0,0,0,0,0,0,0,0,0,0,0,0,0,0,0,0,0,5,0,5,0,,,,,,,,,,,,,,,,,,,34
N,LQFP 48/7X7,C5-S25,Dummy Unit,C,YES,,180,0,0,0,0,0,0,0,0,0,0,0,0,0,0,0,0,0,0,0,0,0,0,0,0,0,0,0,0,0,0,0,0,0,0,0,0,0,0,0,0,0,0,0,0,,,,,0,,,180
00KS,FCPBGA 1292/37.5X37.5,C5-S24,Dummy Unit,A,YES,,168,0,0,0,0,0,0,0,0,0,0,0,0,0,0,0,0,0,0,0,0,0,0,0,0,0,0,0,0,0,0,0,0,0,0,0,0,0,0,0,0,0,0,0,0,,,,,0,,,168
5215,TBGA 672/35X35,C5-S22,Dummy Unit,A,YES,,60,0,0,0,0,0,0,0,0,0,0,0,0,0,0,0,0,0,0,0,0,0,0,0,0,0,0,0,0,0,0,0,0,0,0,0,0,0,0,0,0,0,0,0,0,,,,,0,,,60
8404,FCPBGA 1295/37.5C37.5,C5-S22,Dummy Unit,A,YES,,56,0,0,0,0,0,0,0,0,0,0,0,0,0,0,0,0,0,0,0,0,0,0,0,0,0,0,0,0,0,0,0,0,0,0,0,0,0,0,0,0,0,0,0,0,,,,,0,,,56
011N,LQFP 176/24X24,C5-S21,Dummy Unit,A,YES,,200,0,0,0,0,0,0,0,0,0,0,0,0,0,0,0,0,0,0,0,0,0,0,0,0,0,0,0,0,0,0,0,0,0,0,0,0,0,0,0,0,0,0,0,0,,,,,0,,,200
NA,LQFP 64/LQFP 44/QFP 80/QFP 64/LQFP 144,C3-S14,Firewall Sample,A,YES,,0,0,0,0,0,71,0,0,0,0,0,0,0,0,0,0,0,0,0,0,0,0,0,0,0,0,0,0,0,0,0,0,46,0,0,0,0,0,0,0,0,0,0,0,0,,,,,0,,,117
NA,QFP 160/QFP 64/QFP 80/LQFP 80/ LQFP112/LQFP 176,C3-S16,Firewall Sample,A,YES,,0,0,0,0,0,0,0,0,285,0,0,0,0,0,0,0,0,0,0,0,0,0,0,0,0,0,0,0,0,0,0,0,0,0,0,0,0,0,0,0,0,0,0,0,0,,,,,0,,,285
00EV,LQFP 176/24X24,C3-S33,Firewall Sample,A,YES,,0,10,10,10,10,0,10,0,0,0,0,0,0,0,0,0,0,0,0,0,0,0,0,0,0,0,0,0,10,10,10,10,0,0,0,0,0,0,0,0,0,0,0,0,0,,,,,0,,,90
00EV,LQFP 176/24X24,C3-S34,Firewall Sample,A,YES,,0,0,0,0,0,0,0,0,0,0,0,0,0,0,0,0,0,0,0,0,0,0,10,0,0,0,0,0,0,0,0,0,0,0,10 (Tip to Tip),10,0,0,0,0,0,0,0,,,,,,,23,,,43
00A5,FCBGA 520/21X21,C3-S35,Firewall Sample,A,YES,,0,15,15,15,15,10,0,0,0,0,0,0,0,0,0,0,0,0,0,0,0,0,5,0,0,0,0,0,15,10,15,15,10,10,0,0,0,0,0,0,0,0,0,0,0,,,,,0,,,150
00A5,FCBGA 520/21X21,C3-S36,Firewall Sample,A,YES,,0,0,0,0,0,0,0,0,0,0,0,0,0,0,0,0,0,0,0,0,0,0,0,15,15,15,0,15,0,0,0,0,0,0,0,0,0,0,0,0,0,0,0,0,0,,,,,12,,,72
00V2,FCBGA 525/19X19,C3-S37,Firewall Sample,A,YES,,0,0,0,0,0,0,0,0,0,0,0,0,0,0,0,0,0,0,0,0,0,0,0,0,0,0,0,0,0,0,0,0,0,0,0,0,0,0,0,0,0,0,0,0,0,,,,,0,,,0
5345,MAPBGA 121/12X12,C3-S38,Firewall Sample,A,YES,,0,10,10,10,10,10,0,0,0,0,0,0,0,0,0,0,0,0,0,0,0,0,0,0,0,0,0,0,0,0,0,0,10,10,0,0,0,0,0,0,0,0,0,0,0,,,,,0,,,70
00BS,FCPBGA1020/33x33,C5-S25,Dummy Unit,A,YES,,413,0,0,0,0,0,0,0,0,0,0,0,0,0,0,0,0,0,0,,0,0,0,0,0,0,0,0,0,0,0,0,0,0,0,0,0,0,0,0,0,0,0,0,0,,,,,0,,,413
00YC,FCPBGA 780/23x23,C3-S27,Firewall Sample,A,YES,,0,0,0,0,0,0,0,0,0,0,0,0,0,0,0,0,0,0,0,0,0,0,0,0,0,0,0,0,0,0,0,0,10,10,20,0,0,0,0,0,0,0,0,0,0,,,,,0,,,40
00B1,FCPBGA1932/45x45,C3-S31,Firewall Sample,A,YES,,0,0,0,0,0,0,0,0,0,0,0,0,0,0,0,0,0,0,0,0,0,0,0,0,0,0,0,0,0,0,0,0,10,10,20,0,0,0,0,0,0,0,0,0,0,,,,,0,,,40
00B1,FCBGA 1932/45X45,C5-S26,Dummy Unit,A,YES,,91,0,0,0,0,0,,0,0,0,0,0,0,0,0,0,0,0,0,0,0,0,0,0,0,0,0,0,0,0,0,0,0,0,0,0,0,0,0,0,0,0,0,0,0,,,,,0,,,91
8286,LQFP144/20x20,C2-S22,Firewall Sample,A,YES,,,,,,,,,,,,,,,,,,25,14,10,,18,10,,,,,,,,,,,,,,,,,,,,,,,,,,,,,,,77
8286,LQFP144/20x20,C2-S23,Firewall Sample,A,YES,,,,,,,,14,,,,,15,,,,5,,,,,,,,,,,,,,,,,,,,,,,,,,,,,,15,,,,,,,49
8286,LQFP144/20x20,C2-S23,Firewall Sample,A,YES,,,,,,,,10,15,,,,,,,,,,,,,,,2,,,,,,,,,,,,,,,,,,,,,,,,10,,,,,,37
,LQFP100/14x14,C2-S10,Firewall Sample,A,YES,,,,,,,,15,5,,,,,,,,,,,,,,,,,,,,,,,,,,,,,,,,,,,,,,,,,,15,,,35
,LQFP100/14x14,C2-S2,Firewall Sample,A,YES,,,,,,,,,,,,,,,,,,,,,,,,,,,,,,,,,,,,,,,,,,,,,,,,,50,15,,,,65
,LQFP100/14x14,C2-S21,Firewall Sample,A,YES,,,,,,,,,89,,,,,,,,,,,,,,,,,,,,,,,,,,,,,,,,,,,,,,,,,,,10,,99
,PBGA689/31x31,C2-S24,Firewall Sample,A,YES,,,,,,,,,,,,,,,,,,15,15,,,15,7,,,,,,,,,,,,,,,,,,,,,,,,,,,,,,,52
,PBGA689/31x31,C2-S24,Firewall Sample,A,YES,,,,,,,,,,,,,,,,,,,,24,,5,,,,,,,,10,,,,,16,,,,,,,,,,,,,,,,,,,55
,FCPBGA1150/23x23,C2-S28,Firewall Sample,A,YES,,,,,,,,,,,,,,,,,,,101,,,,,,,,,,,,,,,,,,,,,,,,,,,,,,,,,,,101
